mic_id,x_mm,原线阵_y_mm,交错候选_y_mm,z_mm,状态
MIC0,-228.6,0,-30.0,0.0,仿真候选_非实测_非制板文件
MIC1,-198.12,0,30.0,0.0,仿真候选_非实测_非制板文件
MIC2,-167.64,0,-30.0,0.0,仿真候选_非实测_非制板文件
MIC3,-137.16,0,30.0,0.0,仿真候选_非实测_非制板文件
MIC4,-106.68,0,-30.0,0.0,仿真候选_非实测_非制板文件
MIC5,-76.2,0,30.0,0.0,仿真候选_非实测_非制板文件
MIC6,-45.72,0,-30.0,0.0,仿真候选_非实测_非制板文件
MIC7,-15.24,0,0.0,0.0,仿真候选_非实测_非制板文件
MIC8,15.24,0,0.0,0.0,仿真候选_非实测_非制板文件
MIC9,45.72,0,30.0,0.0,仿真候选_非实测_非制板文件
MIC10,76.2,0,-30.0,0.0,仿真候选_非实测_非制板文件
MIC11,106.68,0,30.0,0.0,仿真候选_非实测_非制板文件
MIC12,137.16,0,-30.0,0.0,仿真候选_非实测_非制板文件
MIC13,167.64,0,30.0,0.0,仿真候选_非实测_非制板文件
MIC14,198.12,0,-30.0,0.0,仿真候选_非实测_非制板文件
MIC15,228.6,0,30.0,0.0,仿真候选_非实测_非制板文件
